m2,distance_center,year,price
129,1,13,8092000
75,1,28,1630000
106,14,13,6038000
101,4,13,5848000
117,11,23,5456000
113,10,21,5464000
139,5,20,7742000
150,4,13,9670000
109,0,17,5952000
121,13,26,5278000
101,13,7,6568000
104,12,19,5022000
119,10,2,8782000
150,15,15,9150000
68,15,24,1404000
117,4,19,6196000
84,2,12,4712000
102,0,21,4806000
110,0,11,6930000
149,15,30,6822000
115,1,15,6700000
112,0,19,5886000
74,10,26,1672000
100,5,1,7550000
136,0,2,10308000
83,12,17,3684000
119,6,10,7662000
112,11,27,4466000
137,0,4,10086000
111,9,13,6528000
104,14,16,5432000
140,14,27,6590000
87,8,29,2276000
66,10,23,1498000
145,9,17,8580000
129,14,1,9632000
127,3,30,5346000
93,8,18,4394000
80,13,17,3430000
102,2,20,4916000
123,4,24,5914000
74,1,18,3052000
124,7,22,6232000
83,12,12,4434000
85,8,23,3020000
69,7,22,1942000
138,11,30,6044000
114,13,28,4432000
145,1,14,9190000
85,12,8,5190000
130,11,3,9470000
108,9,7,7194000
137,9,19,7656000
121,0,21,6288000
135,10,8,9130000
115,8,1,8660000
101,1,0,7858000
101,6,11,6108000
109,9,18,5622000
103,14,8,6554000
69,11,29,812000
121,13,9,7828000
70,4,21,2230000
112,14,0,8456000
127,6,3,9336000
112,2,4,8096000
145,1,14,9190000
83,15,14,4074000
132,1,23,6826000
148,15,21,8094000
131,5,5,9368000
105,12,1,7800000
132,13,21,6886000
102,3,29,3546000
123,12,16,6954000
103,5,0,7934000
81,9,5,5388000
85,2,7,5540000
112,9,5,7806000
137,3,9,9276000
72,6,20,2496000
127,8,5,8996000
114,12,20,5652000
126,13,22,6268000
121,7,20,6298000
128,3,22,6624000
142,9,12,9096000
86,14,22,3128000
102,5,7,6806000
70,3,0,5400000
79,8,9,4652000
115,12,1,8580000
139,0,24,7242000
74,0,11,4122000
70,12,22,1920000
135,1,27,6460000
75,13,1,5440000
86,3,0,6648000
71,10,27,1288000
94,7,3,6742000
124,5,8,8372000
89,6,7,5772000
95,8,12,5450000
71,3,1,5328000
134,8,20,7292000
134,11,28,6032000
119,15,14,6882000
149,14,8,10142000
103,2,20,4994000
141,7,21,7708000
135,0,15,8280000
105,7,10,6550000
125,3,9,8340000
129,5,12,8162000
75,8,27,1640000
67,11,24,1406000
129,14,28,5582000
95,3,11,5700000
74,10,27,1522000
129,1,11,8392000
128,15,19,6834000
113,7,18,5974000
134,9,6,9372000
121,7,10,7798000
70,14,3,4730000
118,10,21,5854000
90,3,17,4410000
109,8,28,4142000
125,2,8,8510000
132,14,5,9266000
107,12,28,3906000
106,10,11,6418000
71,9,22,2058000
80,14,25,2210000
68,1,19,2434000
88,6,10,5244000
66,8,14,2888000
129,15,20,6762000
77,7,11,4216000
101,10,4,7078000
133,14,16,7694000
89,1,4,6322000
147,3,23,7956000
94,10,8,5932000
76,9,21,2598000
72,15,16,2916000
67,11,21,1856000
87,5,16,4286000
104,2,11,6422000
67,0,29,876000
71,12,26,1398000
109,12,18,5562000
74,6,21,2502000
147,8,9,9956000
122,7,15,7126000
114,11,24,5072000
70,1,4,4840000
96,15,2,6888000
132,6,7,9126000
118,0,21,6054000
116,11,4,8228000
97,2,22,4226000
138,5,22,7364000
90,6,26,3000000
137,14,26,6506000
86,7,18,3868000
135,2,0,10490000
88,1,23,3394000
125,2,6,8810000
121,4,8,8158000
115,11,15,6500000
137,5,28,6386000
67,14,16,2546000
130,5,5,9290000
75,11,29,1280000
141,0,12,9198000
108,4,6,7444000
65,13,13,2860000
79,6,8,4842000
116,9,25,5118000
129,7,4,9322000
98,15,17,4794000
66,2,3,4658000
137,13,28,6226000
86,8,13,4598000
111,15,26,4458000
117,4,21,5896000
150,1,3,11230000
104,4,27,3982000
138,3,1,10554000
94,6,5,6462000
67,14,8,3746000
92,8,25,3266000
74,3,28,1512000
77,6,18,3186000
114,8,28,4532000
111,13,12,6598000
75,12,3,5160000
81,13,9,4708000
78,12,0,5844000
108,3,16,5964000
98,2,2,7304000
108,1,28,4204000
117,15,10,7326000
111,11,8,7238000
125,5,3,9200000
76,0,20,2928000
68,1,16,2884000
132,3,17,7686000
145,10,20,8110000
140,5,12,9020000
131,6,1,9948000
93,2,23,3764000
147,15,27,7116000
87,10,21,3436000
96,9,11,5658000
136,5,3,10058000
97,5,20,4466000
80,3,25,2430000
104,5,11,6362000
131,10,10,8518000
131,5,27,6068000
90,13,16,4360000
145,5,14,9110000
139,8,21,7532000
89,11,4,6122000
107,15,18,5346000
125,15,17,6900000
150,1,3,11230000
76,11,25,1958000
134,8,2,9992000
145,14,3,10580000
98,3,25,3834000
86,9,4,5928000
143,8,14,8894000
78,3,21,2874000
72,8,5,4706000
133,5,20,7274000
71,8,12,3578000
144,12,19,8142000
92,10,5,6226000
131,12,24,6378000
141,0,30,6498000
69,15,19,2232000
85,2,21,3440000
133,8,11,8564000
137,3,4,10026000
85,5,7,5480000
111,15,20,5358000
131,11,26,6098000
119,3,14,7122000
110,8,8,7220000
114,9,4,8112000
89,3,27,2832000
118,10,7,7954000
144,15,23,7482000
138,8,0,10604000
131,15,11,8268000
93,15,25,3204000
134,3,30,5892000
79,4,17,3532000
120,8,7,8150000
87,5,4,6086000
126,15,28,5328000
124,15,20,6372000
76,12,27,1638000
105,12,4,7350000
133,8,13,8264000
78,5,23,2534000
121,14,6,8258000
69,2,13,3392000
128,12,8,8544000
91,6,26,3078000
131,5,22,6818000
83,11,14,4154000
143,5,28,6854000
136,4,15,8278000
139,15,14,8442000
70,7,16,2920000
83,0,28,2274000
144,3,29,6822000
114,2,8,7652000
96,6,5,6618000
101,15,28,3378000
148,1,19,8674000
94,4,13,5302000
69,1,24,1762000
96,10,19,4438000
129,9,20,6882000
74,6,11,4002000
94,7,22,3892000
90,14,24,3140000
87,11,15,4316000
130,7,13,8050000
134,0,3,10002000
70,0,8,4260000
71,14,12,3458000
93,8,28,2894000
86,12,16,4068000
142,4,0,10996000
124,8,26,5612000
103,1,3,7564000
117,0,25,5376000
99,3,9,6312000
84,2,11,4862000
75,15,17,3000000
104,6,9,6642000
137,12,2,10146000
83,0,4,5874000
124,0,13,7722000
106,5,7,7118000
133,13,28,5914000
118,0,28,5004000
136,15,5,9558000
95,3,29,3000000
130,6,4,9420000
96,5,23,3938000
128,4,26,6004000
138,10,20,7564000
94,5,1,7082000
138,10,28,6364000
148,0,4,10944000
78,8,11,4274000
110,7,2,8140000
95,12,8,5970000
66,3,8,3888000
79,4,25,2332000
87,13,22,3226000
82,9,24,2616000
65,13,8,3610000
102,15,3,7206000
124,14,2,9092000
149,3,23,8112000
132,5,30,5696000
130,13,30,5380000
77,6,16,3486000
119,13,21,5872000
108,3,2,8064000
130,1,22,6820000
114,6,17,6222000
108,14,26,4244000
139,5,18,8042000
75,13,11,3940000
133,8,17,7664000
126,13,19,6718000
135,6,16,8010000
124,2,24,6032000
80,13,22,2680000
129,11,12,8042000
67,10,17,2476000
126,15,27,5478000
91,7,25,3208000
108,12,11,6534000
117,5,25,5276000
146,15,20,8088000
87,11,7,5516000
81,15,8,4818000
76,9,1,5598000
121,15,28,4938000
65,2,7,3980000
70,5,23,1910000
141,5,22,7598000
100,11,0,7580000
130,0,20,7140000
69,9,16,2802000
70,14,1,5030000
106,7,30,3628000
107,8,5,7436000
84,1,9,5182000
111,12,13,6468000
134,2,12,8612000
146,6,26,7368000
133,0,9,9024000
108,15,18,5424000
139,15,29,6192000
112,5,25,4886000
98,9,17,4914000
68,0,13,3354000
123,4,17,6964000
115,4,16,6490000
66,9,30,468000
142,2,18,8336000
135,9,29,6000000
103,12,12,5994000
66,8,6,4088000
143,9,13,9024000
101,0,0,7878000
116,7,9,7558000
126,15,5,8778000
116,15,12,6948000
99,6,11,5952000
125,14,23,6020000
131,9,18,7338000
88,14,1,6434000
150,14,5,10670000
108,3,17,5814000
88,15,20,3564000
146,8,25,7478000
95,12,26,3270000
130,0,15,7890000
89,3,17,4332000
111,8,3,8048000
82,15,22,2796000
83,8,12,4514000
104,11,28,3692000
117,13,29,4516000
109,11,29,3932000
78,14,3,5354000
81,10,14,4018000
109,0,3,8052000
123,5,20,6494000
84,9,7,5322000
70,5,8,4160000
76,8,14,3668000
84,15,13,4302000
123,3,9,8184000
120,6,5,8490000
149,12,30,6882000
148,8,28,7184000
142,4,19,8146000
84,7,3,5962000
137,7,9,9196000
127,15,4,9006000
75,8,14,3590000
136,3,4,9948000
99,0,7,6672000
106,8,13,6158000
109,10,28,4102000
113,5,23,5264000
118,11,28,4784000
102,1,19,5086000
98,15,28,3144000
96,5,13,5438000
134,7,0,10312000
84,6,2,6132000
141,11,30,6278000
112,12,26,4596000
65,13,26,910000
98,9,10,5964000
115,2,14,6830000
144,11,21,7862000
137,11,4,9866000
136,1,14,8488000
141,9,25,7068000
74,11,7,4502000
132,13,5,9286000
87,13,1,6376000
73,5,15,3344000
79,15,8,4662000
66,3,19,2238000
138,1,28,6544000
138,2,23,7274000
103,2,25,4244000
65,6,20,1950000
78,3,8,4824000
71,11,4,4718000
68,7,8,3964000
93,11,18,4334000
81,10,0,6118000
93,12,12,5214000
81,13,30,1558000
139,0,22,7542000
150,7,20,8560000
150,10,11,9850000
121,2,12,7598000
113,15,7,7464000
75,1,10,4330000
146,0,7,10338000
95,8,17,4700000
126,8,4,9068000
129,13,6,8902000
114,6,18,6072000
142,14,7,9746000
129,1,11,8392000
79,12,24,2322000
137,13,14,8326000
119,1,4,8662000
134,11,4,9632000
146,12,2,10848000
101,5,2,7478000
83,9,2,5994000
121,5,23,5888000
133,13,20,7114000
91,10,10,5398000
140,7,19,7930000
79,6,7,4992000
144,6,12,9312000
81,4,29,1888000
126,6,23,6258000
80,8,2,5780000
88,2,15,4574000
79,3,21,2952000
125,15,27,5400000
120,9,10,7680000
103,8,0,7874000
65,15,18,2070000
94,9,12,5352000
109,11,14,6182000
137,6,1,10416000
106,5,28,3968000
115,5,14,6770000
74,0,22,2472000
118,6,9,7734000
84,14,18,3572000
119,8,18,6422000
131,7,29,5728000
112,13,21,5326000
74,15,26,1572000
88,14,5,5834000
119,3,3,8772000
96,0,22,4188000
100,5,3,7250000
87,12,18,3846000
104,5,24,4412000
67,8,5,4316000
125,15,23,6000000
137,14,3,9956000
68,9,28,924000
116,0,1,8898000
142,5,6,10076000
146,5,28,7088000
68,5,16,2804000
92,7,13,5086000
99,8,10,6062000
130,10,13,7990000
145,14,4,10430000
136,1,4,9988000
72,10,8,4216000
112,1,11,7066000
95,7,20,4270000
91,13,24,3238000
125,12,4,8910000
137,1,3,10216000
88,5,27,2714000
107,5,16,5846000
145,2,22,7970000
96,0,9,6138000
126,13,16,7168000
122,9,25,5586000
129,1,15,7792000
129,15,14,7662000
69,9,9,3852000
145,9,26,7230000
70,13,11,3550000
117,1,13,7156000
110,12,30,3840000
100,11,11,5930000
122,9,13,7386000
147,0,16,9066000
108,3,13,6414000
101,9,5,6948000
79,0,25,2412000
105,8,5,7280000
119,8,13,7172000
116,12,20,5808000
125,6,12,7830000
77,9,3,5376000
109,14,30,3722000
75,3,28,1590000
143,0,17,8604000
108,4,11,6694000
115,7,7,7780000
141,7,2,10558000
137,8,8,9326000
87,12,0,6546000
141,0,22,7698000
102,13,10,6196000
116,12,12,7008000
81,13,15,3808000
116,15,5,7998000
71,15,0,5238000
123,6,17,6924000
124,15,10,7872000
145,2,19,8420000
111,11,5,7688000
149,13,29,7012000
68,5,2,4904000
130,5,2,9740000
120,14,21,5930000
103,11,6,6914000
144,10,28,6832000
78,4,2,5704000
93,8,11,5444000
96,10,10,5788000
90,9,5,6090000
112,9,30,4056000
143,5,30,6554000
67,9,0,5046000
127,8,28,5546000
77,13,20,2746000
100,10,27,3550000
145,12,12,9270000
72,3,25,1806000
103,5,11,6284000
135,9,4,9750000
122,7,12,7576000
141,6,16,8478000
92,15,26,2976000
87,6,13,4716000
122,13,12,7456000
149,2,6,10682000
87,13,19,3676000
86,5,23,3158000
128,13,30,5224000
145,14,9,9680000
81,1,8,5098000
134,1,17,7882000
71,6,7,4368000
107,6,26,4326000
86,7,18,3868000
92,6,2,6756000
131,7,5,9328000
74,7,6,4732000
110,11,6,7460000
86,15,5,5658000
105,4,5,7360000
94,6,14,5112000
134,11,9,8882000
72,0,12,3816000
112,6,28,4416000
113,13,13,6604000
112,9,20,5556000
140,4,25,7090000
144,3,26,7272000
101,15,20,4578000
97,3,30,3006000
148,10,8,10144000
69,14,9,3752000
124,14,16,6992000
148,5,27,7394000
149,2,3,11132000
69,10,17,2632000
150,12,28,7260000
80,12,6,5100000
138,11,27,6494000
79,9,21,2832000
84,2,3,6062000
139,9,14,8562000
120,3,22,6000000
143,10,15,8704000
73,3,5,4884000
131,5,12,8318000
97,0,3,7116000
127,12,1,9516000
98,9,27,3414000
92,1,19,4306000
86,2,23,3218000
72,5,29,1166000
128,14,21,6554000
133,10,15,7924000
96,11,26,3368000
123,13,23,5884000
113,15,2,8214000
85,12,6,5490000
147,15,27,7116000
81,8,2,5858000
100,0,16,5400000
97,14,12,5486000
87,11,28,2366000
145,4,12,9430000
143,14,24,7274000
139,0,9,9492000
128,4,19,7054000
79,8,13,4052000
116,15,15,6498000
110,10,30,3880000
84,8,21,3242000
70,9,6,4380000
66,11,10,3428000
98,0,3,7194000
110,4,19,5650000
111,8,4,7898000
89,14,11,5012000
140,0,23,7470000
136,3,7,9498000
150,12,2,11160000
148,14,5,10514000
138,5,21,7514000
107,4,18,5566000
115,14,19,5840000
128,1,24,6364000
125,7,22,6310000
142,4,21,7846000
121,6,5,8568000
143,12,19,8064000
104,14,0,7832000
70,7,28,1120000
87,9,6,5706000
97,10,7,6316000
140,13,27,6610000
93,0,4,6654000
117,15,1,8676000
87,2,28,2546000
68,0,22,2004000
143,7,8,9814000
142,15,0,10776000
145,8,6,10250000
128,4,10,8404000
123,3,11,7884000
140,15,16,8220000
128,12,25,5994000
72,12,13,3426000
70,4,11,3730000
131,10,15,7768000
121,4,27,5308000
121,8,27,5228000
71,9,22,2058000
136,15,1,10158000
115,15,22,5370000
132,12,4,9456000
146,12,10,9648000
140,8,14,8660000
75,12,9,4260000
106,2,25,4478000
142,3,13,9066000
103,11,12,6014000
114,9,24,5112000
149,6,11,9852000
142,10,12,9076000
124,10,16,7072000
136,3,17,7998000
96,4,26,3508000
104,10,16,5512000
150,8,15,9290000
98,3,0,7584000
116,2,20,6008000
87,11,0,6566000
136,4,16,8128000
94,15,28,2832000
150,7,18,8860000
129,1,21,6892000
90,1,7,5950000
136,1,24,6988000
123,4,7,8464000
101,4,30,3298000
119,6,21,6012000
92,4,14,4996000
138,13,6,9604000
130,1,15,7870000
85,1,6,5710000
66,6,13,3078000
114,9,13,6762000
143,7,23,7564000
111,0,2,8358000
70,0,8,4260000
115,15,26,4770000
150,6,10,10080000
100,0,29,3450000
148,3,2,11184000
131,3,19,7308000
73,4,23,2164000
104,12,18,5172000
124,5,15,7322000
65,9,9,3540000
128,0,22,6684000
119,0,17,6732000
68,11,8,3884000
135,8,24,6770000
86,4,18,3928000
125,5,14,7550000
80,3,24,2580000
74,6,18,2952000
117,5,6,8126000
89,11,25,2972000
120,0,24,5760000
146,0,13,9438000
113,11,28,4394000
88,3,21,3654000
69,15,7,4032000
71,2,1,5348000
67,2,27,1136000
121,12,19,6348000
70,7,1,5170000
122,9,0,9336000
70,15,28,960000
73,3,25,1884000
98,12,1,7254000
137,4,3,10156000
103,3,9,6624000
76,7,5,5038000
93,10,29,2704000
149,15,9,9972000
107,2,11,6656000
132,12,8,8856000
95,15,12,5310000
84,6,3,5982000
130,4,12,8260000
143,1,22,7834000
144,8,20,8072000
133,14,14,7994000
125,3,26,5790000
131,7,7,9028000
118,5,1,8954000
106,1,5,7498000
93,6,5,6384000
65,6,26,1050000
97,14,11,5636000
83,15,2,5874000
77,3,5,5196000
115,5,10,7370000
129,6,4,9342000
138,2,15,8474000
99,12,11,5832000
100,3,12,5940000
92,12,27,2886000
69,13,7,4072000
66,4,13,3118000
87,2,25,2996000
71,2,26,1598000
144,6,16,8712000
127,12,22,6366000
140,6,23,7350000
148,8,7,10334000
102,10,2,7456000
75,3,5,5040000
150,13,30,6940000
81,1,6,5398000
118,14,11,7274000
149,13,16,8962000
69,4,19,2452000
148,1,27,7474000
125,8,1,9440000
132,1,30,5776000
109,4,1,8272000
104,1,10,6592000
144,7,21,7942000
140,3,25,7110000
96,7,29,2998000
111,11,22,5138000
103,1,22,4714000
119,13,17,6472000
94,4,9,5902000
100,12,19,4710000
86,0,8,5508000
74,9,22,2292000
124,9,15,7242000
112,2,17,6146000
108,6,15,6054000
114,3,18,6132000
126,12,24,5988000
87,11,15,4316000
76,13,18,2968000
87,3,19,3876000
116,0,3,8598000
86,6,6,5688000
129,8,18,7202000
112,7,13,6646000
122,2,9,8126000
74,1,19,2902000
75,6,15,3480000
90,0,3,6570000
119,0,2,8982000
122,5,24,5816000
117,14,17,6296000
99,8,2,7262000
72,7,1,5326000
150,14,20,8420000
118,1,8,7984000
128,15,23,6234000
100,2,2,7460000
145,15,28,6810000
111,9,30,3978000
65,5,7,3920000
127,2,8,8666000
140,9,15,8490000
116,6,16,6528000
118,12,24,5364000
129,4,1,9832000
121,10,12,7438000
107,15,15,2936514
144,1,12,9412000
124,6,8,8352000
75,14,28,1370000
71,9,1,5208000
134,13,14,2635051
128,10,10,8284000
74,5,14,3572000
95,10,9,5860000
145,13,5,10300000
139,10,17,8092000
79,7,18,3322000
127,2,18,5629651
105,13,24,4330000
141,3,29,6588000
86,15,5,5658000
109,6,11,6732000
94,11,8,5912000
96,8,29,2978000
143,9,21,9928689
98,9,10,5964000
142,15,16,8376000
95,9,25,3480000
144,3,29,6822000
142,6,8,9756000
136,9,22,7128000
112,13,28,4276000
105,15,0,7890000
86,1,29,2338000
127,11,29,5336000
101,5,26,3878000
143,14,25,7124000
130,9,19,7110000
69,15,20,2082000
125,8,20,6590000
122,4,10,7936000
146,11,21,8018000
137,13,22,7126000
123,13,23,5884000
145,5,23,7760000
129,6,24,6342000
83,10,26,5580098
76,6,1,5658000
131,6,26,6198000
87,7,3,6196000
145,6,9,9840000
128,1,20,6964000
82,4,16,3916000
89,11,20,5862968
126,8,30,7113082
79,6,14,8737992
92,2,18,4436000
113,12,12,6676906
67,5,8,1143739
115,5,29,4520000
107,9,12,6366000
129,1,20,7042000
145,3,22,7950000
112,13,20,5476000
99,11,1,7352000
114,1,6,7972000
125,7,18,6910000
90,3,18,7850265
137,3,1,10476000
120,2,25,5570000
119,12,28,4842000
142,15,13,8826000
102,14,19,4826000
126,3,19,6918000
115,9,4,10896925
76,6,5,5058000
101,11,10,6158000
77,9,8,4626000
135,11,12,8510000
105,7,7,7000000
105,13,6,7030000
79,4,20,3082000
111,14,11,6728000
65,5,1,4820000
101,5,2,7478000
138,5,28,5238848
109,14,27,4172000
85,0,0,6630000
65,15,20,1770000
126,3,6,8868000
98,4,11,5914000
89,6,12,5022000
113,10,6,7714000
88,0,3,6414000
76,3,28,1668000
90,7,13,8708826
90,8,29,2510000
65,12,8,3630000
75,14,11,3920000
140,2,7,9830000
124,12,26,5532000
111,1,13,6688000
66,14,6,3968000
69,2,21,2192000
125,14,2,9170000
86,15,13,4458000
137,3,19,7776000
150,11,6,10580000
94,0,1,7182000
67,7,21,1936000
103,11,9,6464000
81,2,23,2828000
71,7,21,2248000
118,5,14,7004000
102,7,28,3616000
111,7,0,8518000
85,3,1,6420000
92,7,9,5686000
79,0,30,1662000
135,14,16,7850000
121,12,29,9531471
81,0,24,2718000
140,13,1,10510000
76,10,11,4078000
66,7,25,1258000
79,4,19,3232000
147,6,26,7446000
70,0,24,1860000
124,6,28,5352000
113,7,6,7774000
118,15,24,5304000
75,8,26,1790000
74,0,24,2172000
126,11,23,6158000
112,13,27,4426000
108,12,24,4584000
139,13,12,8782000
91,12,25,3108000
118,9,25,5274000
103,5,24,4334000
76,3,19,3018000
84,14,1,6122000
99,12,0,7482000
148,14,11,9614000
113,7,19,4250000
84,7,11,4762000
120,13,2,8800000
150,14,21,8270000
135,3,15,8220000
98,12,25,11383792
78,15,17,3234000
70,14,19,2330000
107,12,5,7356000
99,13,19,4612000
145,10,1,10960000
129,10,2,9562000
148,5,30,6944000
115,2,21,5780000
78,2,22,2744000
149,1,14,9502000
77,0,11,4356000
143,9,7,9924000
122,10,8,8116000
67,2,18,2486000
144,10,21,7882000
104,5,16,5612000
72,8,27,1406000
66,13,4,4288000
69,9,17,7449633
72,14,2,5036000
95,11,0,7190000
139,3,9,9432000
81,12,25,2328000
109,13,25,4492000
80,10,28,1840000
95,13,5,6400000
69,13,22,1822000
140,1,24,7300000
139,7,25,6952000
97,3,15,5256000
121,1,4,8818000
95,6,29,2940000
77,13,13,3796000
109,12,2,7962000
117,9,18,6246000
66,9,15,2718000
130,5,13,8090000
128,5,0,9884000
98,5,25,3794000
80,13,20,2980000
84,11,29,4522759
103,11,27,3764000
66,1,0,5128000
77,13,21,2596000
86,9,9,5178000
78,10,2,5584000
119,3,6,8322000
81,5,9,4868000
69,14,3,4652000
128,13,5,8974000
134,5,12,8552000
96,13,0,7228000
144,2,30,6692000
105,5,14,7998299
129,9,14,7782000
127,6,30,5933032
73,0,1,11453119
96,8,16,3728690
100,5,8,2310825
133,5,25,6524000
119,13,22,2535623
72,5,11,3943848
109,5,0,3051316
102,2,7,2243138
88,1,9,9406624
69,8,0,9822163
81,6,5,5448000
115,7,20,5830000
114,6,2,8472000
114,8,3,8282000
101,5,18,5078000
120,11,20,6140000
103,11,1,7664000
147,11,22,7946000
92,3,21,3966000
118,7,15,6814000
82,13,20,3136000
68,8,4,4544000
97,0,16,5166000
141,14,19,7868000
102,4,0,4257865
137,9,11,8856000
110,5,4,7880000
77,6,11,3326733
82,2,13,6709897
77,13,6,3756107
118,5,7,8000215
93,12,25,7365694
102,4,12,6076000
87,15,30,6751909
88,0,9,5514000
136,13,24,6748000
92,0,23,3726000
131,11,13,8048000
83,6,29,2004000
99,1,17,5152000
128,4,20,6904000
132,5,9,8846000
89,6,24,3222000
94,4,0,7252000
100,9,19,4770000
118,9,29,4674000
111,9,16,6078000
113,13,4,7954000
107,2,29,3956000
125,5,11,8000000
109,11,24,4682000
116,5,19,6098000
136,3,10,9048000
87,4,19,3856000
95,2,26,3470000
80,15,5,5190000
89,14,23,11180508
137,6,22,9174106
124,10,26,5572000
71,12,5,2064067
147,8,8,4279503
119,1,4,1311176
74,12,16,5127559
107,14,12,3048128
80,2,1,5934569
99,13,12,9679295
73,13,25,8898063
132,1,18,7576000
131,7,5,9328000
111,6,29,4188000
109,2,30,3962000
116,12,9,7458000
91,4,23,3568000
111,12,16,6018000
115,5,1,8720000
74,2,10,4232000
149,14,10,9842000
112,9,18,5856000
121,13,14,7078000
82,13,11,4486000
80,11,20,3020000
109,4,15,6172000
112,5,26,4736000
77,0,5,5256000
150,8,24,7940000
125,15,17,6900000
150,6,19,8730000
147,6,7,10296000
105,10,14,5890000
150,5,17,9050000
69,0,7,4332000
115,10,29,4420000
131,6,23,6648000
127,5,5,9056000
79,12,9,4572000
132,4,9,8866000
148,6,19,8574000
112,7,27,9835591
89,14,16,4262000
89,12,9,1694312
144,6,1,10377707
116,7,4,8308000
110,14,17,5750000
139,8,12,8882000
130,10,3,7710630
100,0,27,9881066
119,2,19,10868153
114,1,18,1211413
121,5,23,5888000
124,8,8,8312000
81,7,20,3178000
98,8,20,4484000
149,7,8,10282000
68,1,25,1534000
74,1,2,5452000
131,10,28,5818000
87,12,11,4896000
85,9,5,5700000
66,1,25,1378000
84,15,23,2802000
97,9,20,4386000
85,4,10,5050000
139,13,13,8632000
91,8,17,4388000
131,4,0,10138000
88,5,20,3764000
137,6,8,9366000
96,15,22,3888000
129,6,13,7992000
148,12,11,12458796
68,1,22,1984000
96,4,0,7408000
70,10,12,3460000
77,9,19,2976000
115,1,13,7000000
140,9,25,6990000
117,7,0,8986000
107,4,23,4816000
73,14,11,3764000
149,11,8,10202000
131,4,20,7138000
117,3,28,4866000
103,14,22,4454000
73,15,28,4501149
146,14,2,10808000
103,9,19,5004000
71,12,2,4998000
106,2,2,7928000
76,8,12,3968000
100,4,26,3820000
123,14,23,5864000
68,9,15,2874000
66,15,17,2298000
83,15,27,2124000
124,4,22,6292000
81,7,15,3928000
119,1,9,7912000
125,3,10,8190000
70,8,14,3200000
143,12,2,10614000
121,12,12,7398000
104,8,27,3902000
131,7,10,8578000
143,11,0,10934000
122,4,18,6736000
90,8,2,6560000
127,14,10,8126000
97,2,17,4976000
77,1,3,5536000
84,2,0,6653406
99,11,3,7052000
137,6,25,6816000
102,14,1,7526000
125,11,14,7430000
142,10,28,6676000
68,12,8,3864000
108,9,14,6144000
69,9,19,2352000
69,7,26,1342000
69,9,24,1602000
69,8,16,2822000
125,9,23,6120000
139,9,7,9612000
119,4,27,5152000
84,6,5,5682000
83,7,3,5884000
117,2,29,4736000
139,11,20,7622000
137,6,2,10266000
143,6,20,8034000
110,5,21,5330000
84,5,15,4202000
131,3,6,9258000
94,10,26,3232000
79,14,19,3032000
112,11,15,6266000
142,13,22,7516000
148,13,5,10534000
66,15,0,4848000
137,11,2,10166000
103,11,21,4664000
125,11,2,9230000
122,7,18,6676000
117,6,15,6756000
96,12,19,4398000
83,0,29,2124000
111,10,20,5458000
96,4,9,6058000
77,11,29,1436000
129,15,19,6912000
146,11,20,8168000
78,6,28,1764000
105,5,3,7640000
91,0,3,6648000
134,5,21,7202000
131,9,13,8088000
112,0,29,4386000
127,14,4,9026000
78,11,28,1664000
94,11,3,6662000
139,13,22,7282000
105,10,20,4990000
81,12,27,2028000
78,5,8,4784000
137,6,19,7716000
67,2,30,686000
111,8,16,6098000
112,14,11,6806000
83,7,9,4984000
148,6,7,10374000
95,4,10,5830000
125,3,15,7440000
142,6,4,10356000
84,1,10,5032000
76,0,13,3978000
115,14,30,4190000
124,0,27,5622000
87,0,11,8750698
149,10,13,9472000
76,10,30,1228000
125,4,26,5770000
69,11,23,1712000
96,9,28,3108000
86,8,7,5498000
88,6,0,6744000
148,8,16,8984000
121,1,25,5668000
134,1,13,8482000
80,4,13,4210000
98,3,20,4584000
113,13,11,6904000
148,13,3,10834000
124,10,21,6322000
103,3,9,6624000
80,0,12,4440000
122,1,7,8446000
70,8,7,4250000
92,15,14,4776000
77,10,24,2206000
148,10,7,10294000
116,0,22,5748000
126,13,1,9418000
133,1,5,9604000
77,3,13,3996000
104,9,19,5082000
68,2,29,914000
82,4,18,3616000
146,9,26,7308000
107,5,10,6746000
142,13,1,10666000
117,4,30,4546000
100,15,11,5850000
79,3,28,1902000
131,11,20,6998000
87,7,15,4396000
91,4,2,6718000
102,4,8,6676000
115,8,15,6560000
141,2,23,7508000
150,3,27,7590000
91,8,21,3788000
90,1,6,6100000
98,11,10,5924000
79,0,7,5112000
145,10,9,9760000
133,2,13,8384000
123,13,15,7084000
68,6,28,984000
136,5,23,7058000
136,1,14,8488000
85,6,17,3960000
84,12,18,3612000
96,13,17,4678000
141,12,18,8058000
140,11,28,6500000
138,15,26,6564000
74,4,1,5542000
103,7,25,4144000
106,4,9,6838000
76,14,20,2648000
106,10,26,4168000
89,9,12,4962000
92,13,19,4066000
122,4,14,7336000
94,12,3,6642000
70,9,30,780000
119,1,7,8212000
90,9,20,3840000
96,0,5,6738000
127,5,28,5606000
148,5,4,10844000
115,1,7,7900000
120,9,7,8130000
77,12,10,4266000
111,2,6,7718000
98,10,20,4444000
91,6,24,3378000
143,5,19,8204000
96,5,20,4388000
138,0,3,10314000
90,3,26,3060000
122,11,9,7946000
139,10,24,7042000
73,4,0,5614000
139,12,2,10302000
66,8,25,1238000
73,9,14,3414000
75,14,4,4970000
111,7,23,5068000
97,9,1,7236000
96,1,3,7018000
81,10,21,2968000
92,9,22,3696000
148,15,8,10044000
75,10,30,1150000
104,13,29,3502000
115,2,6,8030000
124,5,13,7622000
121,15,30,4638000
98,1,4,7024000
68,3,5,4494000
73,15,9,4044000
138,2,2,10424000
84,1,21,3382000
137,2,26,6746000
91,2,26,3158000
136,12,23,6918000
104,0,11,6462000
99,1,12,5902000
86,0,19,3858000
79,9,16,3582000
135,5,1,10280000
117,9,13,6996000
139,8,20,7682000
69,12,9,3792000
82,10,9,4846000
138,1,9,9394000
119,14,20,6002000
144,4,26,7252000
114,8,29,4382000
132,0,17,7746000
74,8,18,2912000
133,12,6,9234000
86,2,9,5318000
141,12,7,9708000
108,2,11,6734000
134,12,29,5862000
103,14,26,3854000
139,9,10,9162000
76,1,5,5158000
139,2,20,7802000
126,11,25,5858000
122,13,28,5056000
123,10,27,5344000
116,8,14,6788000
92,0,30,2676000
144,6,23,7662000
122,0,15,7266000
67,5,18,2426000
133,6,1,10104000
128,13,9,8374000
67,3,28,966000
126,10,4,9028000
91,3,16,4638000
99,12,24,3882000
144,15,24,7332000
111,10,29,4108000
105,7,24,4450000
148,10,14,9244000
96,15,22,3888000
118,13,18,6244000
150,13,25,7690000
85,0,2,6330000
129,0,11,8412000
139,7,15,8452000
76,5,9,4478000
75,6,22,2430000
70,0,16,3060000
130,4,14,7960000
112,7,22,5296000
71,14,19,2408000
149,5,16,9122000
76,5,3,5378000
71,5,25,1688000
78,9,25,2154000
85,13,30,1870000
138,15,22,7164000
138,12,1,10374000
118,7,5,8314000
118,4,17,6574000
103,8,30,3374000
103,15,16,5334000
116,9,29,4518000
135,4,26,6550000
132,8,17,7586000
125,7,26,5710000
96,1,18,4768000
102,7,6,6916000
122,3,12,7656000
101,13,22,4318000
67,11,3,4556000
101,11,19,4808000
133,14,16,7694000
87,13,27,2476000
73,14,8,4214000
70,6,13,3390000
142,10,19,8026000
85,4,7,5500000
77,4,26,2026000
146,3,16,8928000
75,10,17,3100000
110,11,2,8060000
94,4,3,6802000
118,0,15,6954000
83,5,22,3074000
127,11,6,8786000
86,7,12,4768000
68,10,1,4954000
111,13,4,7798000
149,10,11,9772000
104,2,3,7622000
69,9,27,1152000
129,7,0,9922000
107,5,0,8246000
149,14,21,8192000
145,9,19,8280000
95,7,29,2920000
76,15,8,4428000
91,2,18,4358000
74,0,16,3372000
83,0,27,2424000
100,6,28,3480000
117,12,8,7686000
124,0,28,5472000
100,8,5,6890000
148,13,26,7384000
103,10,5,7084000
92,15,22,3576000
112,10,17,5986000
134,3,25,6642000
125,0,3,9300000
106,9,9,6738000
112,6,30,4116000
127,0,22,6606000
148,0,26,7644000
149,7,22,8182000
127,13,25,5896000
67,12,14,2886000
127,11,12,7886000
106,0,3,7818000
109,2,20,5462000
145,12,18,8370000
124,6,0,9552000
71,14,3,4808000
73,2,15,3404000
69,4,22,2002000
82,1,0,6376000
146,5,24,7688000
135,12,12,8490000
126,14,13,7598000
120,15,26,5160000
148,0,21,8394000
147,8,8,10106000
124,6,15,7302000
122,5,12,7616000
93,2,20,4214000
131,12,18,7278000
78,12,1,5694000
142,5,27,6926000
128,12,30,5244000
150,10,16,9100000
110,14,28,4100000
75,5,27,1700000
115,6,19,6000000
114,3,4,8232000
110,10,23,4930000
148,2,17,8954000
67,8,27,1016000
141,7,3,10408000
72,14,14,3236000
103,2,11,6344000
104,5,21,4862000
73,14,5,4664000
115,3,27,4860000
67,4,1,4996000
85,3,23,3120000
142,14,16,8396000
136,15,19,7458000
71,6,19,2568000
138,9,26,6684000
91,11,17,4328000
97,13,18,4606000
107,1,15,6076000
147,11,9,9896000
131,7,20,7078000
118,7,27,5014000
117,8,16,6566000
138,1,14,8644000
142,15,12,8976000
89,7,5,6052000
143,9,10,9474000
140,12,1,10530000
110,1,24,4960000
103,8,1,7724000
109,8,7,7292000
104,5,7,6962000
122,10,28,5116000
138,14,26,6584000
141,14,17,8168000
79,9,2,5682000
128,2,7,8894000
88,7,5,5974000
74,6,17,3102000
146,5,26,7388000
73,6,3,5124000
73,1,15,3424000
118,10,24,5404000
144,0,6,10332000
132,7,25,6406000
132,5,28,5996000
65,10,11,3220000
126,10,1,9478000
148,14,11,9614000
84,5,10,4952000
86,6,3,6138000
107,3,29,3936000
128,6,12,8064000
81,11,14,3998000
126,5,21,6578000
85,3,6,5670000
147,10,10,9766000
83,8,7,5264000
117,11,29,4556000
118,3,0,9144000
146,15,16,8688000
108,2,7,7334000
83,4,13,4444000
125,10,1,9400000
144,13,13,9022000
123,0,8,8394000
76,5,15,3578000
80,7,21,2950000
72,9,1,5286000
84,7,9,5062000
145,0,27,7260000
80,5,11,4490000
132,3,7,9186000
72,5,21,2366000
76,12,22,2388000
132,10,14,7996000
112,13,25,4726000
69,6,2,4962000
147,8,0,11306000
144,10,2,10732000
102,14,9,6326000
130,2,29,5750000
77,1,9,4636000
134,8,7,9242000
83,3,30,1914000
96,7,3,6898000
141,15,23,7248000
102,8,28,3596000
100,0,11,6150000
95,8,23,3800000
138,4,23,7234000
94,0,3,6882000
146,12,1,10998000
99,8,25,3812000
74,14,20,2492000
134,4,25,6622000
71,6,9,4068000
126,7,3,9238000
106,14,25,4238000
110,3,28,4320000
93,2,23,3764000
134,15,9,8802000
106,5,16,5768000
80,0,23,2790000
68,12,5,4314000
110,1,25,4810000
144,5,1,10982000
90,8,26,2960000
146,14,15,8858000
101,0,16,5478000
150,7,12,9760000
120,15,27,5010000
72,9,30,936000
146,7,24,7648000
75,5,21,2600000
119,6,4,8562000
91,13,12,5038000
121,1,6,8518000
85,13,2,6070000
79,11,8,4742000
149,1,21,8452000
126,2,11,8138000
68,0,27,1254000
123,8,9,8084000
77,11,27,1736000
149,10,25,7672000
142,2,23,7586000
83,5,1,6224000
81,8,12,4358000
79,4,17,3532000
125,14,27,5420000
109,10,7,7252000
65,9,2,4590000
139,1,1,10672000
120,12,23,5670000
108,7,16,5884000
142,6,21,7806000
135,11,2,10010000
70,2,15,3170000
117,6,22,5706000
72,13,17,2806000
126,8,2,9368000
144,0,0,11232000
149,5,29,7172000
92,9,25,3246000
117,6,14,6906000
111,9,29,4128000
110,10,0,8380000
140,6,0,10800000
88,11,26,2744000
91,2,24,3458000
146,3,4,10728000
148,3,25,7734000
130,11,10,8420000
139,7,8,9502000
147,14,29,6836000
86,0,21,3558000
105,6,14,5970000
91,1,24,3478000
122,14,26,5336000
139,13,24,6982000
65,0,6,4170000
149,15,22,8022000
103,0,25,4284000
111,4,30,4078000
145,2,17,8720000
66,11,7,3878000
76,2,16,3488000
90,0,14,4920000
144,12,2,10692000
110,6,17,5910000
78,2,15,3794000
71,9,16,2958000
119,2,30,4742000
121,1,0,9418000
117,10,20,5926000
108,0,17,5874000
95,6,15,5040000
129,13,22,6502000
136,2,18,7868000
134,3,19,7542000
142,3,24,7416000
112,7,19,5746000
72,6,14,3396000
85,7,23,3040000
148,10,3,10894000
94,4,18,4552000
73,1,30,1174000
102,8,21,4646000
133,8,24,6614000
133,4,30,5794000
110,11,21,5210000
109,5,12,6602000
69,6,21,2112000
148,2,5,10754000
123,4,4,8914000
128,3,18,7224000
148,11,23,7874000
72,11,5,4646000
115,2,26,5030000
139,12,3,10152000
72,3,0,5556000
101,13,2,7318000
79,0,3,5712000
83,8,22,3014000
148,1,12,9724000
67,2,19,2336000
71,3,29,1128000
92,4,28,2896000
73,11,29,1124000
76,5,0,5828000
68,15,12,3204000
109,10,21,5152000
92,1,28,2956000
143,9,0,10974000
82,10,10,4696000
91,0,21,3948000
85,12,25,2640000
141,3,25,7188000
144,1,22,7912000
103,10,16,5434000
66,6,3,4578000
73,2,2,5354000
139,13,1,10432000
104,3,18,5352000
141,8,20,7838000
92,7,1,6886000
84,1,12,4732000
109,15,4,7602000
82,0,19,3546000
122,13,0,9256000
150,3,18,8940000
80,11,14,3920000
114,0,4,8292000
92,15,18,4176000
129,14,23,6332000
102,7,3,7366000
97,4,28,3286000
142,7,26,7036000
131,10,30,5518000
143,13,7,9844000
146,1,7,10318000
81,0,2,6018000
125,6,0,9630000
79,15,0,5862000
130,3,20,7080000
132,7,9,8806000
128,6,8,8664000
138,14,23,7034000
108,10,22,4924000
86,8,13,4598000
147,7,1,11176000
101,3,15,5568000
115,5,26,4970000
109,1,3,8032000
80,4,27,2110000
87,14,14,4406000
87,10,13,4636000
140,0,23,7470000
80,4,5,5410000
117,8,18,6266000
72,6,20,2496000
143,5,13,9104000
148,5,2,11144000
109,8,26,4442000
102,4,9,6526000
67,15,30,426000
136,4,24,6928000
72,2,3,5126000
75,15,21,2400000
89,5,23,3392000
68,13,23,1594000
148,10,11,9694000
111,7,13,6568000
76,11,15,3458000
138,9,28,6384000
140,5,10,9320000
108,12,28,3984000
113,0,24,5214000
116,1,25,5278000
119,12,11,7392000
97,3,12,5706000
67,7,14,2986000
72,10,27,1366000
135,6,11,8760000
149,1,26,7702000
123,6,25,5724000
120,8,5,8450000
92,12,28,2736000
89,8,28,2582000
127,6,13,7836000
71,12,27,1248000
72,1,22,2296000
110,13,19,5470000
104,3,28,3852000
69,15,12,3282000
121,13,23,5728000
123,8,17,6884000
86,7,0,6568000
117,0,28,4926000
109,14,27,4172000
141,1,12,9178000
119,4,2,8902000
145,13,0,11050000
142,11,16,8456000
129,12,6,8922000
116,2,2,8708000
102,3,4,7296000
90,1,11,5350000
107,4,12,6466000
65,5,15,2720000
80,7,12,4300000
149,3,19,8712000
67,14,1,4796000
101,4,23,4348000
65,0,14,2970000
145,0,15,9060000
88,4,21,3634000
146,8,6,10328000
70,4,3,4930000
128,12,4,9144000
130,12,1,9750000
146,6,24,7668000
99,14,9,6092000
97,1,30,3046000
140,9,8,9540000
138,6,27,6594000
138,5,24,7064000
77,0,23,2556000
105,7,5,7300000
133,13,11,8464000
89,3,13,4932000
145,9,29,6780000
69,12,14,3042000
117,8,15,6716000
80,2,29,1850000
109,10,21,5152000
70,6,27,1290000
134,12,18,7512000
133,8,15,7964000
116,13,15,6538000
92,7,8,5836000
68,12,21,1914000
146,9,4,10608000
91,1,19,4228000
112,3,14,6576000
97,15,10,5766000
123,1,29,5224000
123,11,28,5174000
121,8,19,6428000
112,1,21,5566000
149,5,3,11072000
126,7,7,8638000
137,6,0,10566000
123,9,2,9114000
99,11,23,4052000
91,6,8,5778000
133,8,23,6764000
116,6,18,6228000
77,5,23,2456000
100,10,1,7450000
112,13,5,7726000
67,8,28,866000
91,9,10,5418000
143,12,18,8214000
130,12,11,8250000
81,14,2,5738000
110,5,15,6230000
69,15,26,1182000
79,0,6,5262000
124,1,11,8002000
116,12,13,6858000
120,15,27,5010000
96,13,19,4378000
150,6,5,10830000
89,8,17,4232000
142,7,12,9136000
85,5,9,5180000
138,11,7,9494000
129,2,3,9572000
72,5,18,2816000
121,13,9,7828000
97,1,21,4396000
103,3,28,3774000
143,4,25,7324000
98,6,3,7074000
103,15,18,5034000
122,4,30,4936000
113,8,23,5204000
121,11,9,7868000
125,9,0,9570000
147,5,4,10766000
120,11,21,5990000
115,13,28,4510000
124,10,10,7972000
77,1,25,2236000
80,2,7,5150000
95,7,4,6670000
145,4,11,9580000
124,4,21,6442000
79,6,27,1992000
125,3,3,9240000
108,11,1,8054000
116,13,29,4438000
145,2,23,7820000
98,4,0,7564000
81,10,14,4018000
88,1,6,5944000
150,13,28,7240000
130,15,24,6240000
99,0,25,3972000
96,10,28,3088000
101,6,3,7308000
132,6,8,8976000
107,14,1,7916000
139,4,25,7012000
136,14,1,10178000
70,5,12,3560000
92,9,17,4446000
90,6,8,5700000
130,5,29,5690000
115,7,29,4480000
73,0,5,4944000
120,8,27,5150000
142,2,24,7436000
117,6,29,4656000
98,2,12,5804000
132,2,4,9656000
99,0,14,5622000
76,12,3,5238000
91,2,4,6458000
93,6,24,3534000
132,13,13,8086000
146,11,2,10868000
103,13,1,7624000
134,15,17,7602000
125,12,8,8310000
117,11,15,6656000
123,9,25,5664000
133,12,24,6534000
89,12,24,3102000
104,13,18,5152000
119,14,29,4652000
96,10,9,5938000
66,11,17,2378000
120,10,22,5860000
139,5,9,9392000
84,6,13,4482000
131,9,14,7938000
149,9,11,9792000
121,1,0,9418000
87,5,23,3236000
90,1,27,2950000
